<doxygenlayout version="1.0">
    <!-- Navigation index tabs for HTML output -->
    <navindex>
        <tab type="mainpage" visible="yes" title=""/>
        <tab type="pages" visible="yes" title="" intro=""/>
        <tab type="modules" visible="yes" title="" intro=""/>
        <tab type="namespaces" visible="yes" title="">
            <tab type="namespacelist" visible="yes" title="" intro=""/>
            <tab type="namespacemembers" visible="yes" title="" intro=""/>
        </tab>
        <tab type="classes" visible="no" title="">
            <tab type="classlist" visible="yes" title="" intro=""/>
            <tab type="classindex" visible="$ALPHABETICAL_INDEX" title=""/>
            <tab type="hierarchy" visible="yes" title="" intro=""/>
            <tab type="classmembers" visible="yes" title="" intro=""/>
        </tab>
        <tab type="files" visible="yes" title="">
            <tab type="filelist" visible="yes" title="" intro=""/>
            <tab type="globals" visible="yes" title="" intro=""/>
        </tab>
        <tab type="dirs" visible="yes" title="" intro=""/>
        <tab type="examples" visible="yes" title="" intro=""/>
    </navindex>
    
    <!-- Layout definition for a class page -->
    <class>
        <briefdescription visible="yes"/>
        <detaileddescription title=""/>
        <includes visible="$SHOW_INCLUDE_FILES"/>
        <inheritancegraph visible="$CLASS_GRAPH"/>
        <collaborationgraph visible="$COLLABORATION_GRAPH"/>
        <memberdecl>
            <nestedclasses visible="yes" title=""/>
            <publictypes title=""/>
            <publicslots title=""/>
            <signals title=""/>
            <publicmethods title=""/>
            <publicstaticmethods title=""/>
            <publicattributes title=""/>
            <publicstaticattributes title=""/>
            <protectedtypes title=""/>
            <protectedslots title=""/>
            <protectedmethods title=""/>
            <protectedstaticmethods title=""/>
            <protectedattributes title=""/>
            <protectedstaticattributes title=""/>
            <packagetypes title=""/>
            <packagemethods title=""/>
            <packagestaticmethods title=""/>
            <packageattributes title=""/>
            <packagestaticattributes title=""/>
            <properties title=""/>
            <events title=""/>
            <privatetypes title=""/>
            <privateslots title=""/>
            <privatemethods title=""/>
            <privatestaticmethods title=""/>
            <privateattributes title=""/>
            <privatestaticattributes title=""/>
            <friends title=""/>
            <related title="" subtitle=""/>
            <membergroups visible="yes"/>
        </memberdecl>
        <memberdef>
            <inlineclasses title="Data Structures"/>
            <functions title=""/>
            <typedefs title=""/>
            <enums title="" visible="yes"/>
            <constructors title=""/>
            <related title=""/>
            <variables title=""/>
            <properties title=""/>
            <events title=""/>
        </memberdef>
        <allmemberslink visible="yes"/>
        <usedfiles visible="$SHOW_USED_FILES"/>
        <authorsection visible="yes"/>
    </class>
    
    <!-- Layout definition for a namespace page -->
    <namespace>
        <briefdescription visible="yes"/>
        <memberdecl>
            <nestednamespaces visible="yes" title=""/>
            <functions title=""/>
            <classes visible="yes" title="Data structures"/>
            <typedefs title=""/>
            <enums title="" visible="yes"/>
            <variables title=""/>
            <membergroups visible="yes"/>
        </memberdecl>
        <detaileddescription title=""/>
        <memberdef>
            <inlineclasses title="Data Structures"/>
            <functions title=""/>
            <typedefs title=""/>
            <enums title="" visible="yes"/>
            <variables title=""/>
        </memberdef>
        <authorsection visible="yes"/>
    </namespace>
    
    <!-- Layout definition for a file page -->
    <file>
        <briefdescription visible="yes"/>
        <includes visible="$SHOW_INCLUDE_FILES"/>
        <includegraph visible="$INCLUDE_GRAPH"/>
        <includedbygraph visible="$INCLUDED_BY_GRAPH"/>
        <sourcelink visible="yes"/>
        <memberdecl>
            <classes visible="yes" title="Data structures"/>
            <namespaces visible="yes" title=""/>
            <functions title=""/>
            <defines title=""/>
            <typedefs title=""/>
            <enums title="" visible="yes"/>
            <variables title=""/>
            <membergroups visible="yes"/>
        </memberdecl>
        <detaileddescription title=""/>
        <memberdef>
            <inlineclasses title="Data Structures"/>
            <functions title=""/>
            <defines title=""/>
            <typedefs title=""/>
            <enums title="" visible="yes"/>
            <variables title=""/>
        </memberdef>
        <authorsection/>
    </file>
    
    <!-- Layout definition for a group page -->
    <group>
        <briefdescription visible="yes"/>
        <detaileddescription title="Module description"/>
        <groupgraph visible="$GROUP_GRAPHS"/>
        <memberdecl>
            <nestedgroups visible="yes" title=""/>
            <dirs visible="no" title=""/>
            <files visible="no" title=""/>
            <namespaces visible="yes" title=""/>
            <classes visible="yes" title="Data structures"/>
            <typedefs title="Typedefs"/>
            <defines title="Definitions"/>
            <enums title="Enumerations"/>
            <enumvalues title=""/>
            <functions title="Functions"/>
            <variables title="" visible="yes"/>
            <signals title=""/>
            <publicslots title=""/>
            <protectedslots title=""/>
            <privateslots title=""/>
            <events title=""/>
            <properties title=""/>
            <friends title=""/>
            <membergroups visible="yes"/>
        </memberdecl>
        <memberdef>
            <pagedocs/>
            <inlineclasses title="Data structures"/>
            <defines title="Definition Documentation"/>
            <typedefs title="Typedef Documentation"/>
            <functions title="Function Documentation"/>
            <enums title="" visible="yes"/>
            <enumvalues title="" visible="yes"/>
            <variables title="" visible="yes"/>
            <signals title=""/>
            <publicslots title=""/>
            <protectedslots title=""/>
            <privateslots title=""/>
            <events title=""/>
            <properties title=""/>
            <friends title=""/>
        </memberdef>
        <authorsection visible="no"/>
    </group>
    
    <!-- Layout definition for a directory page -->
    <directory>
        <briefdescription visible="yes"/>
        <directorygraph visible="yes"/>
        <memberdecl>
            <dirs visible="yes"/>
            <files visible="yes"/>
        </memberdecl>
        <detaileddescription title=""/>
    </directory>
</doxygenlayout>
